{"loss": 1.8468555212020874, "learning_rate": 1.500000053056283e-05, "epoch": 0.30612244897959184, "_timestamp": 1656040254, "_runtime": 500, "_step": 150, "_wandb": {"runtime": 501}}