{"loss": 0.3804725110530853, "learning_rate": 0.0, "epoch": 2.0, "_timestamp": 1655985325, "_runtime": 3263, "_step": 980, "eval_loss": 0.41601688631119266, "_wandb": {"runtime": 5407}}