{"loss": 0.6123385429382324, "learning_rate": 0.0, "epoch": 2.0, "_timestamp": 1656128212, "_runtime": 6467, "_step": 980, "eval_loss": 0.5186906014719317, "_wandb": {"runtime": 6621}}