{"loss": 0.37524762749671936, "learning_rate": 0.0, "epoch": 2.0, "_timestamp": 1656043832, "_runtime": 3483, "_step": 980, "eval_loss": 0.4105644226074219, "_wandb": {"runtime": 3584}}