{"loss": 5.472191333770752, "learning_rate": 1.9999999949504854e-06, "epoch": 0.04081632653061224, "_timestamp": 1656120542, "_runtime": 254, "_step": 20}