{"loss": 0.5310777425765991, "learning_rate": 1.6666680267007905e-06, "epoch": 1.975, "_timestamp": 1659809120, "_runtime": 6226, "_step": 790}