{"loss": 4.284245491027832, "learning_rate": 4.999999873689376e-06, "epoch": 0.10204081632653061, "_timestamp": 1656121405, "_runtime": 355, "_step": 50, "_wandb": {"runtime": 414}}