{"loss": 0.3182262182235718, "learning_rate": 0.0, "epoch": 2.0, "_timestamp": 1656038467, "_runtime": 7854, "_step": 1960, "eval_loss": 0.3709321681076918, "_wandb": {"runtime": 38984}}