{"loss": 0.08686549216508865, "learning_rate": 0.0, "epoch": 2.0, "_timestamp": 1656071342, "_runtime": 1717, "_step": 1960, "eval_loss": 0.40556115251246505, "_wandb": {"runtime": 1910}}